year_month2,year_quarter,year,month,quarter,month_name,month2,month_name3,month_begin,month_end,days_in_month,hours_in_month,prev_month_last_day,prev_year_month2,is_last_in_quarter,is_last_in_year,weekdays,weekends,special_days,working_days,working_hours,min_date_hour,max_date_hour,min_date_hour_utc_to_cet,max_date_hour_utc_to_cet,next_date,fullname,next_year_month2,order_month_number,order_month_number_desc
2020-01,2020 1,2020,1,1,January,01,Jan,2020-01-01,2020-01-31,31,744,2019-12-31,2019-12,0,0,23,8,1,22,176,2020-01-01 00,2020-01-31 23,2019-12-31 23,2020-01-31 22,2020-02-01,Jan 20,2020-02,1,9998
2020-02,2020 1,2020,2,1,February,02,Feb,2020-02-01,2020-02-29,29,696,2020-01-31,2020-01,0,0,20,9,0,20,160,2020-02-01 00,2020-02-29 23,2020-01-31 23,2020-02-29 22,2020-03-01,Feb 20,2020-03,2,9997
2020-03,2020 1,2020,3,1,March,03,Mar,2020-03-01,2020-03-31,31,744,2020-02-29,2020-02,1,0,22,9,0,22,176,2020-03-01 00,2020-03-31 23,2020-02-29 23,2020-03-31 21,2020-04-01,Mar 20,2020-04,3,9996
2020-04,2020 2,2020,4,2,April,04,Apr,2020-04-01,2020-04-30,30,720,2020-03-31,2020-03,0,0,22,8,0,22,176,2020-04-01 00,2020-04-30 23,2020-03-31 22,2020-04-30 21,2020-05-01,Apr 20,2020-05,4,9995
2020-05,2020 2,2020,5,2,May,05,May,2020-05-01,2020-05-31,31,744,2020-04-30,2020-04,0,0,21,10,1,20,160,2020-05-01 00,2020-05-31 23,2020-04-30 22,2020-05-31 21,2020-06-01,May 20,2020-06,5,9994
2020-06,2020 2,2020,6,2,June,06,Jun,2020-06-01,2020-06-30,30,720,2020-05-31,2020-05,1,0,22,8,0,22,176,2020-06-01 00,2020-06-30 23,2020-05-31 22,2020-06-30 21,2020-07-01,Jun 20,2020-07,6,9993
2020-07,2020 3,2020,7,3,July,07,Jul,2020-07-01,2020-07-31,31,744,2020-06-30,2020-06,0,0,23,8,0,23,184,2020-07-01 00,2020-07-31 23,2020-06-30 22,2020-07-31 21,2020-08-01,Jul 20,2020-08,7,9992
2020-08,2020 3,2020,8,3,August,08,Aug,2020-08-01,2020-08-31,31,744,2020-07-31,2020-07,0,0,21,10,0,21,168,2020-08-01 00,2020-08-31 23,2020-07-31 22,2020-08-31 21,2020-09-01,Aug 20,2020-09,8,9991
2020-09,2020 3,2020,9,3,September,09,Sep,2020-09-01,2020-09-30,30,720,2020-08-31,2020-08,1,0,22,8,0,22,176,2020-09-01 00,2020-09-30 23,2020-08-31 22,2020-09-30 21,2020-10-01,Sep 20,2020-10,9,9990
2020-10,2020 4,2020,10,4,October,10,Oct,2020-10-01,2020-10-31,31,744,2020-09-30,2020-09,0,0,22,9,0,22,176,2020-10-01 00,2020-10-31 23,2020-09-30 22,2020-10-31 22,2020-11-01,Oct 20,2020-11,10,9989
2020-11,2020 4,2020,11,4,November,11,Nov,2020-11-01,2020-11-30,30,720,2020-10-31,2020-10,0,0,21,9,0,21,168,2020-11-01 00,2020-11-30 23,2020-10-31 23,2020-11-30 22,2020-12-01,Nov 20,2020-12,11,9988
2020-12,2020 4,2020,12,4,December,12,Dec,2020-12-01,2020-12-31,31,744,2020-11-30,2020-11,1,1,23,8,2,22,176,2020-12-01 00,2020-12-31 23,2020-11-30 23,2020-12-31 22,2021-01-01,Dec 20,2021-01,12,9987
2021-01,2021 1,2021,1,1,January,01,Jan,2021-01-01,2021-01-31,31,744,2020-12-31,2020-12,0,0,21,10,1,20,160,2021-01-01 00,2021-01-31 23,2020-12-31 23,2021-01-31 22,2021-02-01,Jan 21,2021-02,13,9986
2021-02,2021 1,2021,2,1,February,02,Feb,2021-02-01,2021-02-28,28,672,2021-01-31,2021-01,0,0,20,8,0,20,160,2021-02-01 00,2021-02-28 23,2021-01-31 23,2021-02-28 22,2021-03-01,Feb 21,2021-03,14,9985
2021-03,2021 1,2021,3,1,March,03,Mar,2021-03-01,2021-03-31,31,744,2021-02-28,2021-02,1,0,23,8,0,23,184,2021-03-01 00,2021-03-31 23,2021-02-28 23,2021-03-31 21,2021-04-01,Mar 21,2021-04,15,9984
2021-04,2021 2,2021,4,2,April,04,Apr,2021-04-01,2021-04-30,30,720,2021-03-31,2021-03,0,0,22,8,0,22,176,2021-04-01 00,2021-04-30 23,2021-03-31 22,2021-04-30 21,2021-05-01,Apr 21,2021-05,16,9983
2021-05,2021 2,2021,5,2,May,05,May,2021-05-01,2021-05-31,31,744,2021-04-30,2021-04,0,0,21,10,1,21,168,2021-05-01 00,2021-05-31 23,2021-04-30 22,2021-05-31 21,2021-06-01,May 21,2021-06,17,9982
2021-06,2021 2,2021,6,2,June,06,Jun,2021-06-01,2021-06-30,30,720,2021-05-31,2021-05,1,0,22,8,0,22,176,2021-06-01 00,2021-06-30 23,2021-05-31 22,2021-06-30 21,2021-07-01,Jun 21,2021-07,18,9981
2021-07,2021 3,2021,7,3,July,07,Jul,2021-07-01,2021-07-31,31,744,2021-06-30,2021-06,0,0,22,9,0,22,176,2021-07-01 00,2021-07-31 23,2021-06-30 22,2021-07-31 21,2021-08-01,Jul 21,2021-08,19,9980
2021-08,2021 3,2021,8,3,August,08,Aug,2021-08-01,2021-08-31,31,744,2021-07-31,2021-07,0,0,22,9,0,22,176,2021-08-01 00,2021-08-31 23,2021-07-31 22,2021-08-31 21,2021-09-01,Aug 21,2021-09,20,9979
2021-09,2021 3,2021,9,3,September,09,Sep,2021-09-01,2021-09-30,30,720,2021-08-31,2021-08,1,0,22,8,0,22,176,2021-09-01 00,2021-09-30 23,2021-08-31 22,2021-09-30 21,2021-10-01,Sep 21,2021-10,21,9978
2021-10,2021 4,2021,10,4,October,10,Oct,2021-10-01,2021-10-31,31,744,2021-09-30,2021-09,0,0,21,10,0,21,168,2021-10-01 00,2021-10-31 23,2021-09-30 22,2021-10-31 22,2021-11-01,Oct 21,2021-11,22,9977
2021-11,2021 4,2021,11,4,November,11,Nov,2021-11-01,2021-11-30,30,720,2021-10-31,2021-10,0,0,22,8,0,22,176,2021-11-01 00,2021-11-30 23,2021-10-31 23,2021-11-30 22,2021-12-01,Nov 21,2021-12,23,9976
2021-12,2021 4,2021,12,4,December,12,Dec,2021-12-01,2021-12-31,31,744,2021-11-30,2021-11,1,1,23,8,2,23,184,2021-12-01 00,2021-12-31 23,2021-11-30 23,2021-12-31 22,2022-01-01,Dec 21,2022-01,24,9975
2022-01,2022 1,2022,1,1,January,01,Jan,2022-01-01,2022-01-31,31,744,2021-12-31,2021-12,0,0,21,10,1,21,168,2022-01-01 00,2022-01-31 23,2021-12-31 23,2022-01-31 22,2022-02-01,Jan 22,2022-02,25,9974
2022-02,2022 1,2022,2,1,February,02,Feb,2022-02-01,2022-02-28,28,672,2022-01-31,2022-01,0,0,20,8,0,20,160,2022-02-01 00,2022-02-28 23,2022-01-31 23,2022-02-28 22,2022-03-01,Feb 22,2022-03,26,9973
2022-03,2022 1,2022,3,1,March,03,Mar,2022-03-01,2022-03-31,31,744,2022-02-28,2022-02,1,0,23,8,0,23,184,2022-03-01 00,2022-03-31 23,2022-02-28 23,2022-03-31 21,2022-04-01,Mar 22,2022-04,27,9972
2022-04,2022 2,2022,4,2,April,04,Apr,2022-04-01,2022-04-30,30,720,2022-03-31,2022-03,0,0,21,9,0,21,168,2022-04-01 00,2022-04-30 23,2022-03-31 22,2022-04-30 21,2022-05-01,Apr 22,2022-05,28,9971
2022-05,2022 2,2022,5,2,May,05,May,2022-05-01,2022-05-31,31,744,2022-04-30,2022-04,0,0,22,9,1,22,176,2022-05-01 00,2022-05-31 23,2022-04-30 22,2022-05-31 21,2022-06-01,May 22,2022-06,29,9970
2022-06,2022 2,2022,6,2,June,06,Jun,2022-06-01,2022-06-30,30,720,2022-05-31,2022-05,1,0,22,8,0,22,176,2022-06-01 00,2022-06-30 23,2022-05-31 22,2022-06-30 21,2022-07-01,Jun 22,2022-07,30,9969
2022-07,2022 3,2022,7,3,July,07,Jul,2022-07-01,2022-07-31,31,744,2022-06-30,2022-06,0,0,21,10,0,21,168,2022-07-01 00,2022-07-31 23,2022-06-30 22,2022-07-31 21,2022-08-01,Jul 22,2022-08,31,9968
2022-08,2022 3,2022,8,3,August,08,Aug,2022-08-01,2022-08-31,31,744,2022-07-31,2022-07,0,0,23,8,0,23,184,2022-08-01 00,2022-08-31 23,2022-07-31 22,2022-08-31 21,2022-09-01,Aug 22,2022-09,32,9967
2022-09,2022 3,2022,9,3,September,09,Sep,2022-09-01,2022-09-30,30,720,2022-08-31,2022-08,1,0,22,8,0,22,176,2022-09-01 00,2022-09-30 23,2022-08-31 22,2022-09-30 21,2022-10-01,Sep 22,2022-10,33,9966
2022-10,2022 4,2022,10,4,October,10,Oct,2022-10-01,2022-10-31,31,744,2022-09-30,2022-09,0,0,21,10,0,21,168,2022-10-01 00,2022-10-31 23,2022-09-30 22,2022-10-31 22,2022-11-01,Oct 22,2022-11,34,9965
2022-11,2022 4,2022,11,4,November,11,Nov,2022-11-01,2022-11-30,30,720,2022-10-31,2022-10,0,0,22,8,0,22,176,2022-11-01 00,2022-11-30 23,2022-10-31 23,2022-11-30 22,2022-12-01,Nov 22,2022-12,35,9964
2022-12,2022 4,2022,12,4,December,12,Dec,2022-12-01,2022-12-31,31,744,2022-11-30,2022-11,1,1,22,9,2,21,168,2022-12-01 00,2022-12-31 23,2022-11-30 23,2022-12-31 22,2023-01-01,Dec 22,2023-01,36,9963
2023-01,2023 1,2023,1,1,January,01,Jan,2023-01-01,2023-01-31,31,744,2022-12-31,2022-12,0,0,22,9,1,22,176,2023-01-01 00,2023-01-31 23,2022-12-31 23,2023-01-31 22,2023-02-01,Jan 23,2023-02,37,9962
2023-02,2023 1,2023,2,1,February,02,Feb,2023-02-01,2023-02-28,28,672,2023-01-31,2023-01,0,0,20,8,0,20,160,2023-02-01 00,2023-02-28 23,2023-01-31 23,2023-02-28 22,2023-03-01,Feb 23,2023-03,38,9961
2023-03,2023 1,2023,3,1,March,03,Mar,2023-03-01,2023-03-31,31,744,2023-02-28,2023-02,1,0,23,8,0,23,184,2023-03-01 00,2023-03-31 23,2023-02-28 23,2023-03-31 21,2023-04-01,Mar 23,2023-04,39,9960
2023-04,2023 2,2023,4,2,April,04,Apr,2023-04-01,2023-04-30,30,720,2023-03-31,2023-03,0,0,20,10,0,20,160,2023-04-01 00,2023-04-30 23,2023-03-31 22,2023-04-30 21,2023-05-01,Apr 23,2023-05,40,9959
2023-05,2023 2,2023,5,2,May,05,May,2023-05-01,2023-05-31,31,744,2023-04-30,2023-04,0,0,23,8,1,22,176,2023-05-01 00,2023-05-31 23,2023-04-30 22,2023-05-31 21,2023-06-01,May 23,2023-06,41,9958
2023-06,2023 2,2023,6,2,June,06,Jun,2023-06-01,2023-06-30,30,720,2023-05-31,2023-05,1,0,22,8,0,22,176,2023-06-01 00,2023-06-30 23,2023-05-31 22,2023-06-30 21,2023-07-01,Jun 23,2023-07,42,9957
2023-07,2023 3,2023,7,3,July,07,Jul,2023-07-01,2023-07-31,31,744,2023-06-30,2023-06,0,0,21,10,0,21,168,2023-07-01 00,2023-07-31 23,2023-06-30 22,2023-07-31 21,2023-08-01,Jul 23,2023-08,43,9956
2023-08,2023 3,2023,8,3,August,08,Aug,2023-08-01,2023-08-31,31,744,2023-07-31,2023-07,0,0,23,8,0,23,184,2023-08-01 00,2023-08-31 23,2023-07-31 22,2023-08-31 21,2023-09-01,Aug 23,2023-09,44,9955
2023-09,2023 3,2023,9,3,September,09,Sep,2023-09-01,2023-09-30,30,720,2023-08-31,2023-08,1,0,21,9,0,21,168,2023-09-01 00,2023-09-30 23,2023-08-31 22,2023-09-30 21,2023-10-01,Sep 23,2023-10,45,9954
2023-10,2023 4,2023,10,4,October,10,Oct,2023-10-01,2023-10-31,31,744,2023-09-30,2023-09,0,0,22,9,0,22,176,2023-10-01 00,2023-10-31 23,2023-09-30 22,2023-10-31 22,2023-11-01,Oct 23,2023-11,46,9953
2023-11,2023 4,2023,11,4,November,11,Nov,2023-11-01,2023-11-30,30,720,2023-10-31,2023-10,0,0,22,8,0,22,176,2023-11-01 00,2023-11-30 23,2023-10-31 23,2023-11-30 22,2023-12-01,Nov 23,2023-12,47,9952
2023-12,2023 4,2023,12,4,December,12,Dec,2023-12-01,2023-12-31,31,744,2023-11-30,2023-11,1,1,21,10,2,19,152,2023-12-01 00,2023-12-31 23,2023-11-30 23,2023-12-31 22,2024-01-01,Dec 23,2024-01,48,9951
2024-01,2024 1,2024,1,1,January,01,Jan,2024-01-01,2024-01-31,31,744,2023-12-31,2023-12,0,0,23,8,1,22,176,2024-01-01 00,2024-01-31 23,2023-12-31 23,2024-01-31 22,2024-02-01,Jan 24,2024-02,49,9950
2024-02,2024 1,2024,2,1,February,02,Feb,2024-02-01,2024-02-29,29,696,2024-01-31,2024-01,0,0,21,8,0,21,168,2024-02-01 00,2024-02-29 23,2024-01-31 23,2024-02-29 22,2024-03-01,Feb 24,2024-03,50,9949
2024-03,2024 1,2024,3,1,March,03,Mar,2024-03-01,2024-03-31,31,744,2024-02-29,2024-02,1,0,21,10,0,21,168,2024-03-01 00,2024-03-31 23,2024-02-29 23,2024-03-31 21,2024-04-01,Mar 24,2024-04,51,9948
2024-04,2024 2,2024,4,2,April,04,Apr,2024-04-01,2024-04-30,30,720,2024-03-31,2024-03,0,0,22,8,0,22,176,2024-04-01 00,2024-04-30 23,2024-03-31 22,2024-04-30 21,2024-05-01,Apr 24,2024-05,52,9947
2024-05,2024 2,2024,5,2,May,05,May,2024-05-01,2024-05-31,31,744,2024-04-30,2024-04,0,0,23,8,1,22,176,2024-05-01 00,2024-05-31 23,2024-04-30 22,2024-05-31 21,2024-06-01,May 24,2024-06,53,9946
2024-06,2024 2,2024,6,2,June,06,Jun,2024-06-01,2024-06-30,30,720,2024-05-31,2024-05,1,0,20,10,0,20,160,2024-06-01 00,2024-06-30 23,2024-05-31 22,2024-06-30 21,2024-07-01,Jun 24,2024-07,54,9945
2024-07,2024 3,2024,7,3,July,07,Jul,2024-07-01,2024-07-31,31,744,2024-06-30,2024-06,0,0,23,8,0,23,184,2024-07-01 00,2024-07-31 23,2024-06-30 22,2024-07-31 21,2024-08-01,Jul 24,2024-08,55,9944
2024-08,2024 3,2024,8,3,August,08,Aug,2024-08-01,2024-08-31,31,744,2024-07-31,2024-07,0,0,22,9,0,22,176,2024-08-01 00,2024-08-31 23,2024-07-31 22,2024-08-31 21,2024-09-01,Aug 24,2024-09,56,9943
2024-09,2024 3,2024,9,3,September,09,Sep,2024-09-01,2024-09-30,30,720,2024-08-31,2024-08,1,0,21,9,0,21,168,2024-09-01 00,2024-09-30 23,2024-08-31 22,2024-09-30 21,2024-10-01,Sep 24,2024-10,57,9942
2024-10,2024 4,2024,10,4,October,10,Oct,2024-10-01,2024-10-31,31,744,2024-09-30,2024-09,0,0,23,8,0,23,184,2024-10-01 00,2024-10-31 23,2024-09-30 22,2024-10-31 22,2024-11-01,Oct 24,2024-11,58,9941
2024-11,2024 4,2024,11,4,November,11,Nov,2024-11-01,2024-11-30,30,720,2024-10-31,2024-10,0,0,21,9,0,21,168,2024-11-01 00,2024-11-30 23,2024-10-31 23,2024-11-30 22,2024-12-01,Nov 24,2024-12,59,9940
2024-12,2024 4,2024,12,4,December,12,Dec,2024-12-01,2024-12-31,31,744,2024-11-30,2024-11,1,1,22,9,2,20,160,2024-12-01 00,2024-12-31 23,2024-11-30 23,2024-12-31 22,2025-01-01,Dec 24,2025-01,60,9939
2025-01,2025 1,2025,1,1,January,01,Jan,2025-01-01,2025-01-31,31,744,2024-12-31,2024-12,0,0,23,8,1,22,176,2025-01-01 00,2025-01-31 23,2024-12-31 23,2025-01-31 22,2025-02-01,Jan 25,2025-02,61,9938
2025-02,2025 1,2025,2,1,February,02,Feb,2025-02-01,2025-02-28,28,672,2025-01-31,2025-01,0,0,20,8,0,20,160,2025-02-01 00,2025-02-28 23,2025-01-31 23,2025-02-28 22,2025-03-01,Feb 25,2025-03,62,9937
2025-03,2025 1,2025,3,1,March,03,Mar,2025-03-01,2025-03-31,31,744,2025-02-28,2025-02,1,0,21,10,0,21,168,2025-03-01 00,2025-03-31 23,2025-02-28 23,2025-03-31 21,2025-04-01,Mar 25,2025-04,63,9936
2025-04,2025 2,2025,4,2,April,04,Apr,2025-04-01,2025-04-30,30,720,2025-03-31,2025-03,0,0,22,8,0,22,176,2025-04-01 00,2025-04-30 23,2025-03-31 22,2025-04-30 21,2025-05-01,Apr 25,2025-05,64,9935
2025-05,2025 2,2025,5,2,May,05,May,2025-05-01,2025-05-31,31,744,2025-04-30,2025-04,0,0,22,9,1,21,168,2025-05-01 00,2025-05-31 23,2025-04-30 22,2025-05-31 21,2025-06-01,May 25,2025-06,65,9934
2025-06,2025 2,2025,6,2,June,06,Jun,2025-06-01,2025-06-30,30,720,2025-05-31,2025-05,1,0,21,9,0,21,168,2025-06-01 00,2025-06-30 23,2025-05-31 22,2025-06-30 21,2025-07-01,Jun 25,2025-07,66,9933
2025-07,2025 3,2025,7,3,July,07,Jul,2025-07-01,2025-07-31,31,744,2025-06-30,2025-06,0,0,23,8,0,23,184,2025-07-01 00,2025-07-31 23,2025-06-30 22,2025-07-31 21,2025-08-01,Jul 25,2025-08,67,9932
2025-08,2025 3,2025,8,3,August,08,Aug,2025-08-01,2025-08-31,31,744,2025-07-31,2025-07,0,0,21,10,0,21,168,2025-08-01 00,2025-08-31 23,2025-07-31 22,2025-08-31 21,2025-09-01,Aug 25,2025-09,68,9931
2025-09,2025 3,2025,9,3,September,09,Sep,2025-09-01,2025-09-30,30,720,2025-08-31,2025-08,1,0,22,8,0,22,176,2025-09-01 00,2025-09-30 23,2025-08-31 22,2025-09-30 21,2025-10-01,Sep 25,2025-10,69,9930
2025-10,2025 4,2025,10,4,October,10,Oct,2025-10-01,2025-10-31,31,744,2025-09-30,2025-09,0,0,23,8,0,23,184,2025-10-01 00,2025-10-31 23,2025-09-30 22,2025-10-31 22,2025-11-01,Oct 25,2025-11,70,9929
2025-11,2025 4,2025,11,4,November,11,Nov,2025-11-01,2025-11-30,30,720,2025-10-31,2025-10,0,0,20,10,0,20,160,2025-11-01 00,2025-11-30 23,2025-10-31 23,2025-11-30 22,2025-12-01,Nov 25,2025-12,71,9928
2025-12,2025 4,2025,12,4,December,12,Dec,2025-12-01,2025-12-31,31,744,2025-11-30,2025-11,1,1,23,8,2,21,168,2025-12-01 00,2025-12-31 23,2025-11-30 23,2025-12-31 22,2026-01-01,Dec 25,2026-01,72,9927
2026-01,2026 1,2026,1,1,January,01,Jan,2026-01-01,2026-01-31,31,744,2025-12-31,2025-12,0,0,22,9,1,21,168,2026-01-01 00,2026-01-31 23,2025-12-31 23,2026-01-31 22,2026-02-01,Jan 26,2026-02,73,9926
2026-02,2026 1,2026,2,1,February,02,Feb,2026-02-01,2026-02-28,28,672,2026-01-31,2026-01,0,0,20,8,0,20,160,2026-02-01 00,2026-02-28 23,2026-01-31 23,2026-02-28 22,2026-03-01,Feb 26,2026-03,74,9925
2026-03,2026 1,2026,3,1,March,03,Mar,2026-03-01,2026-03-31,31,744,2026-02-28,2026-02,1,0,22,9,0,22,176,2026-03-01 00,2026-03-31 23,2026-02-28 23,2026-03-31 21,2026-04-01,Mar 26,2026-04,75,9924
2026-04,2026 2,2026,4,2,April,04,Apr,2026-04-01,2026-04-30,30,720,2026-03-31,2026-03,0,0,22,8,0,22,176,2026-04-01 00,2026-04-30 23,2026-03-31 22,2026-04-30 21,2026-05-01,Apr 26,2026-05,76,9923
2026-05,2026 2,2026,5,2,May,05,May,2026-05-01,2026-05-31,31,744,2026-04-30,2026-04,0,0,21,10,1,20,160,2026-05-01 00,2026-05-31 23,2026-04-30 22,2026-05-31 21,2026-06-01,May 26,2026-06,77,9922
2026-06,2026 2,2026,6,2,June,06,Jun,2026-06-01,2026-06-30,30,720,2026-05-31,2026-05,1,0,22,8,0,22,176,2026-06-01 00,2026-06-30 23,2026-05-31 22,2026-06-30 21,2026-07-01,Jun 26,2026-07,78,9921
2026-07,2026 3,2026,7,3,July,07,Jul,2026-07-01,2026-07-31,31,744,2026-06-30,2026-06,0,0,23,8,0,23,184,2026-07-01 00,2026-07-31 23,2026-06-30 22,2026-07-31 21,2026-08-01,Jul 26,2026-08,79,9920
2026-08,2026 3,2026,8,3,August,08,Aug,2026-08-01,2026-08-31,31,744,2026-07-31,2026-07,0,0,21,10,0,21,168,2026-08-01 00,2026-08-31 23,2026-07-31 22,2026-08-31 21,2026-09-01,Aug 26,2026-09,80,9919
2026-09,2026 3,2026,9,3,September,09,Sep,2026-09-01,2026-09-30,30,720,2026-08-31,2026-08,1,0,22,8,0,22,176,2026-09-01 00,2026-09-30 23,2026-08-31 22,2026-09-30 21,2026-10-01,Sep 26,2026-10,81,9918
2026-10,2026 4,2026,10,4,October,10,Oct,2026-10-01,2026-10-31,31,744,2026-09-30,2026-09,0,0,22,9,0,22,176,2026-10-01 00,2026-10-31 23,2026-09-30 22,2026-10-31 22,2026-11-01,Oct 26,2026-11,82,9917
2026-11,2026 4,2026,11,4,November,11,Nov,2026-11-01,2026-11-30,30,720,2026-10-31,2026-10,0,0,21,9,0,21,168,2026-11-01 00,2026-11-30 23,2026-10-31 23,2026-11-30 22,2026-12-01,Nov 26,2026-12,83,9916
2026-12,2026 4,2026,12,4,December,12,Dec,2026-12-01,2026-12-31,31,744,2026-11-30,2026-11,1,1,23,8,2,22,176,2026-12-01 00,2026-12-31 23,2026-11-30 23,2026-12-31 22,2027-01-01,Dec 26,2027-01,84,9915
2027-01,2027 1,2027,1,1,January,01,Jan,2027-01-01,2027-01-31,31,744,2026-12-31,2026-12,0,0,21,10,1,20,160,2027-01-01 00,2027-01-31 23,2026-12-31 23,2027-01-31 22,2027-02-01,Jan 27,2027-02,85,9914
2027-02,2027 1,2027,2,1,February,02,Feb,2027-02-01,2027-02-28,28,672,2027-01-31,2027-01,0,0,20,8,0,20,160,2027-02-01 00,2027-02-28 23,2027-01-31 23,2027-02-28 22,2027-03-01,Feb 27,2027-03,86,9913
2027-03,2027 1,2027,3,1,March,03,Mar,2027-03-01,2027-03-31,31,744,2027-02-28,2027-02,1,0,23,8,0,23,184,2027-03-01 00,2027-03-31 23,2027-02-28 23,2027-03-31 21,2027-04-01,Mar 27,2027-04,87,9912
2027-04,2027 2,2027,4,2,April,04,Apr,2027-04-01,2027-04-30,30,720,2027-03-31,2027-03,0,0,22,8,0,22,176,2027-04-01 00,2027-04-30 23,2027-03-31 22,2027-04-30 21,2027-05-01,Apr 27,2027-05,88,9911
2027-05,2027 2,2027,5,2,May,05,May,2027-05-01,2027-05-31,31,744,2027-04-30,2027-04,0,0,21,10,1,21,168,2027-05-01 00,2027-05-31 23,2027-04-30 22,2027-05-31 21,2027-06-01,May 27,2027-06,89,9910
2027-06,2027 2,2027,6,2,June,06,Jun,2027-06-01,2027-06-30,30,720,2027-05-31,2027-05,1,0,22,8,0,22,176,2027-06-01 00,2027-06-30 23,2027-05-31 22,2027-06-30 21,2027-07-01,Jun 27,2027-07,90,9909
2027-07,2027 3,2027,7,3,July,07,Jul,2027-07-01,2027-07-31,31,744,2027-06-30,2027-06,0,0,22,9,0,22,176,2027-07-01 00,2027-07-31 23,2027-06-30 22,2027-07-31 21,2027-08-01,Jul 27,2027-08,91,9908
2027-08,2027 3,2027,8,3,August,08,Aug,2027-08-01,2027-08-31,31,744,2027-07-31,2027-07,0,0,22,9,0,22,176,2027-08-01 00,2027-08-31 23,2027-07-31 22,2027-08-31 21,2027-09-01,Aug 27,2027-09,92,9907
2027-09,2027 3,2027,9,3,September,09,Sep,2027-09-01,2027-09-30,30,720,2027-08-31,2027-08,1,0,22,8,0,22,176,2027-09-01 00,2027-09-30 23,2027-08-31 22,2027-09-30 21,2027-10-01,Sep 27,2027-10,93,9906
2027-10,2027 4,2027,10,4,October,10,Oct,2027-10-01,2027-10-31,31,744,2027-09-30,2027-09,0,0,21,10,0,21,168,2027-10-01 00,2027-10-31 23,2027-09-30 22,2027-10-31 22,2027-11-01,Oct 27,2027-11,94,9905
2027-11,2027 4,2027,11,4,November,11,Nov,2027-11-01,2027-11-30,30,720,2027-10-31,2027-10,0,0,22,8,0,22,176,2027-11-01 00,2027-11-30 23,2027-10-31 23,2027-11-30 22,2027-12-01,Nov 27,2027-12,95,9904
2027-12,2027 4,2027,12,4,December,12,Dec,2027-12-01,2027-12-31,31,744,2027-11-30,2027-11,1,1,23,8,2,23,184,2027-12-01 00,2027-12-31 23,2027-11-30 23,2027-12-31 22,2028-01-01,Dec 27,2028-01,96,9903
2028-01,2028 1,2028,1,1,January,01,Jan,2028-01-01,2028-01-31,31,744,2027-12-31,2027-12,0,0,21,10,1,21,168,2028-01-01 00,2028-01-31 23,2027-12-31 23,2028-01-31 22,2028-02-01,Jan 28,2028-02,97,9902
2028-02,2028 1,2028,2,1,February,02,Feb,2028-02-01,2028-02-29,29,696,2028-01-31,2028-01,0,0,21,8,0,21,168,2028-02-01 00,2028-02-29 23,2028-01-31 23,2028-02-29 22,2028-03-01,Feb 28,2028-03,98,9901
2028-03,2028 1,2028,3,1,March,03,Mar,2028-03-01,2028-03-31,31,744,2028-02-29,2028-02,1,0,23,8,0,23,184,2028-03-01 00,2028-03-31 23,2028-02-29 23,2028-03-31 21,2028-04-01,Mar 28,2028-04,99,9900
2028-04,2028 2,2028,4,2,April,04,Apr,2028-04-01,2028-04-30,30,720,2028-03-31,2028-03,0,0,20,10,0,20,160,2028-04-01 00,2028-04-30 23,2028-03-31 22,2028-04-30 21,2028-05-01,Apr 28,2028-05,100,9899
2028-05,2028 2,2028,5,2,May,05,May,2028-05-01,2028-05-31,31,744,2028-04-30,2028-04,0,0,23,8,1,22,176,2028-05-01 00,2028-05-31 23,2028-04-30 22,2028-05-31 21,2028-06-01,May 28,2028-06,101,9898
2028-06,2028 2,2028,6,2,June,06,Jun,2028-06-01,2028-06-30,30,720,2028-05-31,2028-05,1,0,22,8,0,22,176,2028-06-01 00,2028-06-30 23,2028-05-31 22,2028-06-30 21,2028-07-01,Jun 28,2028-07,102,9897
2028-07,2028 3,2028,7,3,July,07,Jul,2028-07-01,2028-07-31,31,744,2028-06-30,2028-06,0,0,21,10,0,21,168,2028-07-01 00,2028-07-31 23,2028-06-30 22,2028-07-31 21,2028-08-01,Jul 28,2028-08,103,9896
2028-08,2028 3,2028,8,3,August,08,Aug,2028-08-01,2028-08-31,31,744,2028-07-31,2028-07,0,0,23,8,0,23,184,2028-08-01 00,2028-08-31 23,2028-07-31 22,2028-08-31 21,2028-09-01,Aug 28,2028-09,104,9895
2028-09,2028 3,2028,9,3,September,09,Sep,2028-09-01,2028-09-30,30,720,2028-08-31,2028-08,1,0,21,9,0,21,168,2028-09-01 00,2028-09-30 23,2028-08-31 22,2028-09-30 21,2028-10-01,Sep 28,2028-10,105,9894
2028-10,2028 4,2028,10,4,October,10,Oct,2028-10-01,2028-10-31,31,744,2028-09-30,2028-09,0,0,22,9,0,22,176,2028-10-01 00,2028-10-31 23,2028-09-30 22,2028-10-31 22,2028-11-01,Oct 28,2028-11,106,9893
2028-11,2028 4,2028,11,4,November,11,Nov,2028-11-01,2028-11-30,30,720,2028-10-31,2028-10,0,0,22,8,0,22,176,2028-11-01 00,2028-11-30 23,2028-10-31 23,2028-11-30 22,2028-12-01,Nov 28,2028-12,107,9892
2028-12,2028 4,2028,12,4,December,12,Dec,2028-12-01,2028-12-31,31,744,2028-11-30,2028-11,1,1,21,10,2,19,152,2028-12-01 00,2028-12-31 23,2028-11-30 23,2028-12-31 22,2029-01-01,Dec 28,2029-01,108,9891
2029-01,2029 1,2029,1,1,January,01,Jan,2029-01-01,2029-01-31,31,744,2028-12-31,2028-12,0,0,23,8,1,22,176,2029-01-01 00,2029-01-31 23,2028-12-31 23,2029-01-31 22,2029-02-01,Jan 29,2029-02,109,9890
2029-02,2029 1,2029,2,1,February,02,Feb,2029-02-01,2029-02-28,28,672,2029-01-31,2029-01,0,0,20,8,0,20,160,2029-02-01 00,2029-02-28 23,2029-01-31 23,2029-02-28 22,2029-03-01,Feb 29,2029-03,110,9889
2029-03,2029 1,2029,3,1,March,03,Mar,2029-03-01,2029-03-31,31,744,2029-02-28,2029-02,1,0,22,9,0,22,176,2029-03-01 00,2029-03-31 23,2029-02-28 23,2029-03-31 21,2029-04-01,Mar 29,2029-04,111,9888
2029-04,2029 2,2029,4,2,April,04,Apr,2029-04-01,2029-04-30,30,720,2029-03-31,2029-03,0,0,21,9,0,21,168,2029-04-01 00,2029-04-30 23,2029-03-31 22,2029-04-30 21,2029-05-01,Apr 29,2029-05,112,9887
2029-05,2029 2,2029,5,2,May,05,May,2029-05-01,2029-05-31,31,744,2029-04-30,2029-04,0,0,23,8,1,22,176,2029-05-01 00,2029-05-31 23,2029-04-30 22,2029-05-31 21,2029-06-01,May 29,2029-06,113,9886
2029-06,2029 2,2029,6,2,June,06,Jun,2029-06-01,2029-06-30,30,720,2029-05-31,2029-05,1,0,21,9,0,21,168,2029-06-01 00,2029-06-30 23,2029-05-31 22,2029-06-30 21,2029-07-01,Jun 29,2029-07,114,9885
2029-07,2029 3,2029,7,3,July,07,Jul,2029-07-01,2029-07-31,31,744,2029-06-30,2029-06,0,0,22,9,0,22,176,2029-07-01 00,2029-07-31 23,2029-06-30 22,2029-07-31 21,2029-08-01,Jul 29,2029-08,115,9884
2029-08,2029 3,2029,8,3,August,08,Aug,2029-08-01,2029-08-31,31,744,2029-07-31,2029-07,0,0,23,8,0,23,184,2029-08-01 00,2029-08-31 23,2029-07-31 22,2029-08-31 21,2029-09-01,Aug 29,2029-09,116,9883
2029-09,2029 3,2029,9,3,September,09,Sep,2029-09-01,2029-09-30,30,720,2029-08-31,2029-08,1,0,20,10,0,20,160,2029-09-01 00,2029-09-30 23,2029-08-31 22,2029-09-30 21,2029-10-01,Sep 29,2029-10,117,9882
2029-10,2029 4,2029,10,4,October,10,Oct,2029-10-01,2029-10-31,31,744,2029-09-30,2029-09,0,0,23,8,0,23,184,2029-10-01 00,2029-10-31 23,2029-09-30 22,2029-10-31 22,2029-11-01,Oct 29,2029-11,118,9881
2029-11,2029 4,2029,11,4,November,11,Nov,2029-11-01,2029-11-30,30,720,2029-10-31,2029-10,0,0,22,8,0,22,176,2029-11-01 00,2029-11-30 23,2029-10-31 23,2029-11-30 22,2029-12-01,Nov 29,2029-12,119,9880
2029-12,2029 4,2029,12,4,December,12,Dec,2029-12-01,2029-12-31,31,744,2029-11-30,2029-11,1,1,21,10,2,19,152,2029-12-01 00,2029-12-31 23,2029-11-30 23,2029-12-31 22,2030-01-01,Dec 29,2030-01,120,9879
2030-01,2030 1,2030,1,1,January,01,Jan,2030-01-01,2030-01-31,31,744,2029-12-31,2029-12,0,0,23,8,1,22,176,2030-01-01 00,2030-01-31 23,2029-12-31 23,2030-01-31 22,2030-02-01,Jan 30,2030-02,121,9878
2030-02,2030 1,2030,2,1,February,02,Feb,2030-02-01,2030-02-28,28,672,2030-01-31,2030-01,0,0,20,8,0,20,160,2030-02-01 00,2030-02-28 23,2030-01-31 23,2030-02-28 22,2030-03-01,Feb 30,2030-03,122,9877
2030-03,2030 1,2030,3,1,March,03,Mar,2030-03-01,2030-03-31,31,744,2030-02-28,2030-02,1,0,21,10,0,21,168,2030-03-01 00,2030-03-31 23,2030-02-28 23,2030-03-31 21,2030-04-01,Mar 30,2030-04,123,9876
2030-04,2030 2,2030,4,2,April,04,Apr,2030-04-01,2030-04-30,30,720,2030-03-31,2030-03,0,0,22,8,0,22,176,2030-04-01 00,2030-04-30 23,2030-03-31 22,2030-04-30 21,2030-05-01,Apr 30,2030-05,124,9875
2030-05,2030 2,2030,5,2,May,05,May,2030-05-01,2030-05-31,31,744,2030-04-30,2030-04,0,0,23,8,1,22,176,2030-05-01 00,2030-05-31 23,2030-04-30 22,2030-05-31 21,2030-06-01,May 30,2030-06,125,9874
2030-06,2030 2,2030,6,2,June,06,Jun,2030-06-01,2030-06-30,30,720,2030-05-31,2030-05,1,0,20,10,0,20,160,2030-06-01 00,2030-06-30 23,2030-05-31 22,2030-06-30 21,2030-07-01,Jun 30,2030-07,126,9873
2030-07,2030 3,2030,7,3,July,07,Jul,2030-07-01,2030-07-31,31,744,2030-06-30,2030-06,0,0,23,8,0,23,184,2030-07-01 00,2030-07-31 23,2030-06-30 22,2030-07-31 21,2030-08-01,Jul 30,2030-08,127,9872
2030-08,2030 3,2030,8,3,August,08,Aug,2030-08-01,2030-08-31,31,744,2030-07-31,2030-07,0,0,22,9,0,22,176,2030-08-01 00,2030-08-31 23,2030-07-31 22,2030-08-31 21,2030-09-01,Aug 30,2030-09,128,9871
2030-09,2030 3,2030,9,3,September,09,Sep,2030-09-01,2030-09-30,30,720,2030-08-31,2030-08,1,0,21,9,0,21,168,2030-09-01 00,2030-09-30 23,2030-08-31 22,2030-09-30 21,2030-10-01,Sep 30,2030-10,129,9870
2030-10,2030 4,2030,10,4,October,10,Oct,2030-10-01,2030-10-31,31,744,2030-09-30,2030-09,0,0,23,8,0,23,184,2030-10-01 00,2030-10-31 23,2030-09-30 22,2030-10-31 22,2030-11-01,Oct 30,2030-11,130,9869
2030-11,2030 4,2030,11,4,November,11,Nov,2030-11-01,2030-11-30,30,720,2030-10-31,2030-10,0,0,21,9,0,21,168,2030-11-01 00,2030-11-30 23,2030-10-31 23,2030-11-30 22,2030-12-01,Nov 30,2030-12,131,9868
2030-12,2030 4,2030,12,4,December,12,Dec,2030-12-01,2030-12-31,31,744,2030-11-30,2030-11,1,1,22,9,2,20,160,2030-12-01 00,2030-12-31 23,2030-11-30 23,2030-12-31 22,2031-01-01,Dec 30,2031-01,132,9867
2031-01,2031 1,2031,1,1,January,01,Jan,2031-01-01,2031-01-31,31,744,2030-12-31,2030-12,0,0,23,8,1,22,176,2031-01-01 00,2031-01-31 23,2030-12-31 23,2031-01-31 22,2031-02-01,Jan 31,2031-02,133,9866
2031-02,2031 1,2031,2,1,February,02,Feb,2031-02-01,2031-02-28,28,672,2031-01-31,2031-01,0,0,20,8,0,20,160,2031-02-01 00,2031-02-28 23,2031-01-31 23,2031-02-28 22,2031-03-01,Feb 31,2031-03,134,9865
2031-03,2031 1,2031,3,1,March,03,Mar,2031-03-01,2031-03-31,31,744,2031-02-28,2031-02,1,0,21,10,0,21,168,2031-03-01 00,2031-03-31 23,2031-02-28 23,2031-03-31 21,2031-04-01,Mar 31,2031-04,135,9864
2031-04,2031 2,2031,4,2,April,04,Apr,2031-04-01,2031-04-30,30,720,2031-03-31,2031-03,0,0,22,8,0,22,176,2031-04-01 00,2031-04-30 23,2031-03-31 22,2031-04-30 21,2031-05-01,Apr 31,2031-05,136,9863
2031-05,2031 2,2031,5,2,May,05,May,2031-05-01,2031-05-31,31,744,2031-04-30,2031-04,0,0,22,9,1,21,168,2031-05-01 00,2031-05-31 23,2031-04-30 22,2031-05-31 21,2031-06-01,May 31,2031-06,137,9862
2031-06,2031 2,2031,6,2,June,06,Jun,2031-06-01,2031-06-30,30,720,2031-05-31,2031-05,1,0,21,9,0,21,168,2031-06-01 00,2031-06-30 23,2031-05-31 22,2031-06-30 21,2031-07-01,Jun 31,2031-07,138,9861
2031-07,2031 3,2031,7,3,July,07,Jul,2031-07-01,2031-07-31,31,744,2031-06-30,2031-06,0,0,23,8,0,23,184,2031-07-01 00,2031-07-31 23,2031-06-30 22,2031-07-31 21,2031-08-01,Jul 31,2031-08,139,9860
2031-08,2031 3,2031,8,3,August,08,Aug,2031-08-01,2031-08-31,31,744,2031-07-31,2031-07,0,0,21,10,0,21,168,2031-08-01 00,2031-08-31 23,2031-07-31 22,2031-08-31 21,2031-09-01,Aug 31,2031-09,140,9859
2031-09,2031 3,2031,9,3,September,09,Sep,2031-09-01,2031-09-30,30,720,2031-08-31,2031-08,1,0,22,8,0,22,176,2031-09-01 00,2031-09-30 23,2031-08-31 22,2031-09-30 21,2031-10-01,Sep 31,2031-10,141,9858
2031-10,2031 4,2031,10,4,October,10,Oct,2031-10-01,2031-10-31,31,744,2031-09-30,2031-09,0,0,23,8,0,23,184,2031-10-01 00,2031-10-31 23,2031-09-30 22,2031-10-31 22,2031-11-01,Oct 31,2031-11,142,9857
2031-11,2031 4,2031,11,4,November,11,Nov,2031-11-01,2031-11-30,30,720,2031-10-31,2031-10,0,0,20,10,0,20,160,2031-11-01 00,2031-11-30 23,2031-10-31 23,2031-11-30 22,2031-12-01,Nov 31,2031-12,143,9856
2031-12,2031 4,2031,12,4,December,12,Dec,2031-12-01,2031-12-31,31,744,2031-11-30,2031-11,1,1,23,8,2,21,168,2031-12-01 00,2031-12-31 23,2031-11-30 23,2031-12-31 22,2032-01-01,Dec 31,2032-01,144,9855
2032-01,2032 1,2032,1,1,January,01,Jan,2032-01-01,2032-01-31,31,744,2031-12-31,2031-12,0,0,22,9,1,21,168,2032-01-01 00,2032-01-31 23,2031-12-31 23,2032-01-31 22,2032-02-01,Jan 32,2032-02,145,9854
2032-02,2032 1,2032,2,1,February,02,Feb,2032-02-01,2032-02-29,29,696,2032-01-31,2032-01,0,0,20,9,0,20,160,2032-02-01 00,2032-02-29 23,2032-01-31 23,2032-02-29 22,2032-03-01,Feb 32,2032-03,146,9853
2032-03,2032 1,2032,3,1,March,03,Mar,2032-03-01,2032-03-31,31,744,2032-02-29,2032-02,1,0,23,8,0,23,184,2032-03-01 00,2032-03-31 23,2032-02-29 23,2032-03-31 21,2032-04-01,Mar 32,2032-04,147,9852
2032-04,2032 2,2032,4,2,April,04,Apr,2032-04-01,2032-04-30,30,720,2032-03-31,2032-03,0,0,22,8,0,22,176,2032-04-01 00,2032-04-30 23,2032-03-31 22,2032-04-30 21,2032-05-01,Apr 32,2032-05,148,9851
2032-05,2032 2,2032,5,2,May,05,May,2032-05-01,2032-05-31,31,744,2032-04-30,2032-04,0,0,21,10,1,21,168,2032-05-01 00,2032-05-31 23,2032-04-30 22,2032-05-31 21,2032-06-01,May 32,2032-06,149,9850
2032-06,2032 2,2032,6,2,June,06,Jun,2032-06-01,2032-06-30,30,720,2032-05-31,2032-05,1,0,22,8,0,22,176,2032-06-01 00,2032-06-30 23,2032-05-31 22,2032-06-30 21,2032-07-01,Jun 32,2032-07,150,9849
2032-07,2032 3,2032,7,3,July,07,Jul,2032-07-01,2032-07-31,31,744,2032-06-30,2032-06,0,0,22,9,0,22,176,2032-07-01 00,2032-07-31 23,2032-06-30 22,2032-07-31 21,2032-08-01,Jul 32,2032-08,151,9848
2032-08,2032 3,2032,8,3,August,08,Aug,2032-08-01,2032-08-31,31,744,2032-07-31,2032-07,0,0,22,9,0,22,176,2032-08-01 00,2032-08-31 23,2032-07-31 22,2032-08-31 21,2032-09-01,Aug 32,2032-09,152,9847
2032-09,2032 3,2032,9,3,September,09,Sep,2032-09-01,2032-09-30,30,720,2032-08-31,2032-08,1,0,22,8,0,22,176,2032-09-01 00,2032-09-30 23,2032-08-31 22,2032-09-30 21,2032-10-01,Sep 32,2032-10,153,9846
2032-10,2032 4,2032,10,4,October,10,Oct,2032-10-01,2032-10-31,31,744,2032-09-30,2032-09,0,0,21,10,0,21,168,2032-10-01 00,2032-10-31 23,2032-09-30 22,2032-10-31 22,2032-11-01,Oct 32,2032-11,154,9845
2032-11,2032 4,2032,11,4,November,11,Nov,2032-11-01,2032-11-30,30,720,2032-10-31,2032-10,0,0,22,8,0,22,176,2032-11-01 00,2032-11-30 23,2032-10-31 23,2032-11-30 22,2032-12-01,Nov 32,2032-12,155,9844
2032-12,2032 4,2032,12,4,December,12,Dec,2032-12-01,2032-12-31,31,744,2032-11-30,2032-11,1,1,23,8,2,23,184,2032-12-01 00,2032-12-31 23,2032-11-30 23,2032-12-31 22,2033-01-01,Dec 32,2033-01,156,9843
2033-01,2033 1,2033,1,1,January,01,Jan,2033-01-01,2033-01-31,31,744,2032-12-31,2032-12,0,0,21,10,1,21,168,2033-01-01 00,2033-01-31 23,2032-12-31 23,2033-01-31 22,2033-02-01,Jan 33,2033-02,157,9842
2033-02,2033 1,2033,2,1,February,02,Feb,2033-02-01,2033-02-28,28,672,2033-01-31,2033-01,0,0,20,8,0,20,160,2033-02-01 00,2033-02-28 23,2033-01-31 23,2033-02-28 22,2033-03-01,Feb 33,2033-03,158,9841
2033-03,2033 1,2033,3,1,March,03,Mar,2033-03-01,2033-03-31,31,744,2033-02-28,2033-02,1,0,23,8,0,23,184,2033-03-01 00,2033-03-31 23,2033-02-28 23,2033-03-31 21,2033-04-01,Mar 33,2033-04,159,9840
2033-04,2033 2,2033,4,2,April,04,Apr,2033-04-01,2033-04-30,30,720,2033-03-31,2033-03,0,0,21,9,0,21,168,2033-04-01 00,2033-04-30 23,2033-03-31 22,2033-04-30 21,2033-05-01,Apr 33,2033-05,160,9839
2033-05,2033 2,2033,5,2,May,05,May,2033-05-01,2033-05-31,31,744,2033-04-30,2033-04,0,0,22,9,1,22,176,2033-05-01 00,2033-05-31 23,2033-04-30 22,2033-05-31 21,2033-06-01,May 33,2033-06,161,9838
2033-06,2033 2,2033,6,2,June,06,Jun,2033-06-01,2033-06-30,30,720,2033-05-31,2033-05,1,0,22,8,0,22,176,2033-06-01 00,2033-06-30 23,2033-05-31 22,2033-06-30 21,2033-07-01,Jun 33,2033-07,162,9837
2033-07,2033 3,2033,7,3,July,07,Jul,2033-07-01,2033-07-31,31,744,2033-06-30,2033-06,0,0,21,10,0,21,168,2033-07-01 00,2033-07-31 23,2033-06-30 22,2033-07-31 21,2033-08-01,Jul 33,2033-08,163,9836
2033-08,2033 3,2033,8,3,August,08,Aug,2033-08-01,2033-08-31,31,744,2033-07-31,2033-07,0,0,23,8,0,23,184,2033-08-01 00,2033-08-31 23,2033-07-31 22,2033-08-31 21,2033-09-01,Aug 33,2033-09,164,9835
2033-09,2033 3,2033,9,3,September,09,Sep,2033-09-01,2033-09-30,30,720,2033-08-31,2033-08,1,0,22,8,0,22,176,2033-09-01 00,2033-09-30 23,2033-08-31 22,2033-09-30 21,2033-10-01,Sep 33,2033-10,165,9834
2033-10,2033 4,2033,10,4,October,10,Oct,2033-10-01,2033-10-31,31,744,2033-09-30,2033-09,0,0,21,10,0,21,168,2033-10-01 00,2033-10-31 23,2033-09-30 22,2033-10-31 22,2033-11-01,Oct 33,2033-11,166,9833
2033-11,2033 4,2033,11,4,November,11,Nov,2033-11-01,2033-11-30,30,720,2033-10-31,2033-10,0,0,22,8,0,22,176,2033-11-01 00,2033-11-30 23,2033-10-31 23,2033-11-30 22,2033-12-01,Nov 33,2033-12,167,9832
2033-12,2033 4,2033,12,4,December,12,Dec,2033-12-01,2033-12-31,31,744,2033-11-30,2033-11,1,1,22,9,2,21,168,2033-12-01 00,2033-12-31 23,2033-11-30 23,2033-12-31 22,2034-01-01,Dec 33,2034-01,168,9831
2034-01,2034 1,2034,1,1,January,01,Jan,2034-01-01,2034-01-31,31,744,2033-12-31,2033-12,0,0,22,9,1,22,176,2034-01-01 00,2034-01-31 23,2033-12-31 23,2034-01-31 22,2034-02-01,Jan 34,2034-02,169,9830
2034-02,2034 1,2034,2,1,February,02,Feb,2034-02-01,2034-02-28,28,672,2034-01-31,2034-01,0,0,20,8,0,20,160,2034-02-01 00,2034-02-28 23,2034-01-31 23,2034-02-28 22,2034-03-01,Feb 34,2034-03,170,9829
2034-03,2034 1,2034,3,1,March,03,Mar,2034-03-01,2034-03-31,31,744,2034-02-28,2034-02,1,0,23,8,0,23,184,2034-03-01 00,2034-03-31 23,2034-02-28 23,2034-03-31 21,2034-04-01,Mar 34,2034-04,171,9828
2034-04,2034 2,2034,4,2,April,04,Apr,2034-04-01,2034-04-30,30,720,2034-03-31,2034-03,0,0,20,10,0,20,160,2034-04-01 00,2034-04-30 23,2034-03-31 22,2034-04-30 21,2034-05-01,Apr 34,2034-05,172,9827
2034-05,2034 2,2034,5,2,May,05,May,2034-05-01,2034-05-31,31,744,2034-04-30,2034-04,0,0,23,8,1,22,176,2034-05-01 00,2034-05-31 23,2034-04-30 22,2034-05-31 21,2034-06-01,May 34,2034-06,173,9826
2034-06,2034 2,2034,6,2,June,06,Jun,2034-06-01,2034-06-30,30,720,2034-05-31,2034-05,1,0,22,8,0,22,176,2034-06-01 00,2034-06-30 23,2034-05-31 22,2034-06-30 21,2034-07-01,Jun 34,2034-07,174,9825
2034-07,2034 3,2034,7,3,July,07,Jul,2034-07-01,2034-07-31,31,744,2034-06-30,2034-06,0,0,21,10,0,21,168,2034-07-01 00,2034-07-31 23,2034-06-30 22,2034-07-31 21,2034-08-01,Jul 34,2034-08,175,9824
2034-08,2034 3,2034,8,3,August,08,Aug,2034-08-01,2034-08-31,31,744,2034-07-31,2034-07,0,0,23,8,0,23,184,2034-08-01 00,2034-08-31 23,2034-07-31 22,2034-08-31 21,2034-09-01,Aug 34,2034-09,176,9823
2034-09,2034 3,2034,9,3,September,09,Sep,2034-09-01,2034-09-30,30,720,2034-08-31,2034-08,1,0,21,9,0,21,168,2034-09-01 00,2034-09-30 23,2034-08-31 22,2034-09-30 21,2034-10-01,Sep 34,2034-10,177,9822
2034-10,2034 4,2034,10,4,October,10,Oct,2034-10-01,2034-10-31,31,744,2034-09-30,2034-09,0,0,22,9,0,22,176,2034-10-01 00,2034-10-31 23,2034-09-30 22,2034-10-31 22,2034-11-01,Oct 34,2034-11,178,9821
2034-11,2034 4,2034,11,4,November,11,Nov,2034-11-01,2034-11-30,30,720,2034-10-31,2034-10,0,0,22,8,0,22,176,2034-11-01 00,2034-11-30 23,2034-10-31 23,2034-11-30 22,2034-12-01,Nov 34,2034-12,179,9820
2034-12,2034 4,2034,12,4,December,12,Dec,2034-12-01,2034-12-31,31,744,2034-11-30,2034-11,1,1,21,10,2,19,152,2034-12-01 00,2034-12-31 23,2034-11-30 23,2034-12-31 22,2035-01-01,Dec 34,2035-01,180,9819
2035-01,2035 1,2035,1,1,January,01,Jan,2035-01-01,2035-01-31,31,744,2034-12-31,2034-12,0,0,23,8,1,22,176,2035-01-01 00,2035-01-31 23,2034-12-31 23,2035-01-31 22,2035-02-01,Jan 35,2035-02,181,9818
2035-02,2035 1,2035,2,1,February,02,Feb,2035-02-01,2035-02-28,28,672,2035-01-31,2035-01,0,0,20,8,0,20,160,2035-02-01 00,2035-02-28 23,2035-01-31 23,2035-02-28 22,2035-03-01,Feb 35,2035-03,182,9817
2035-03,2035 1,2035,3,1,March,03,Mar,2035-03-01,2035-03-31,31,744,2035-02-28,2035-02,1,0,22,9,0,22,176,2035-03-01 00,2035-03-31 23,2035-02-28 23,2035-03-31 21,2035-04-01,Mar 35,2035-04,183,9816
2035-04,2035 2,2035,4,2,April,04,Apr,2035-04-01,2035-04-30,30,720,2035-03-31,2035-03,0,0,21,9,0,21,168,2035-04-01 00,2035-04-30 23,2035-03-31 22,2035-04-30 21,2035-05-01,Apr 35,2035-05,184,9815
2035-05,2035 2,2035,5,2,May,05,May,2035-05-01,2035-05-31,31,744,2035-04-30,2035-04,0,0,23,8,1,22,176,2035-05-01 00,2035-05-31 23,2035-04-30 22,2035-05-31 21,2035-06-01,May 35,2035-06,185,9814
2035-06,2035 2,2035,6,2,June,06,Jun,2035-06-01,2035-06-30,30,720,2035-05-31,2035-05,1,0,21,9,0,21,168,2035-06-01 00,2035-06-30 23,2035-05-31 22,2035-06-30 21,2035-07-01,Jun 35,2035-07,186,9813
2035-07,2035 3,2035,7,3,July,07,Jul,2035-07-01,2035-07-31,31,744,2035-06-30,2035-06,0,0,22,9,0,22,176,2035-07-01 00,2035-07-31 23,2035-06-30 22,2035-07-31 21,2035-08-01,Jul 35,2035-08,187,9812
2035-08,2035 3,2035,8,3,August,08,Aug,2035-08-01,2035-08-31,31,744,2035-07-31,2035-07,0,0,23,8,0,23,184,2035-08-01 00,2035-08-31 23,2035-07-31 22,2035-08-31 21,2035-09-01,Aug 35,2035-09,188,9811
2035-09,2035 3,2035,9,3,September,09,Sep,2035-09-01,2035-09-30,30,720,2035-08-31,2035-08,1,0,20,10,0,20,160,2035-09-01 00,2035-09-30 23,2035-08-31 22,2035-09-30 21,2035-10-01,Sep 35,2035-10,189,9810
2035-10,2035 4,2035,10,4,October,10,Oct,2035-10-01,2035-10-31,31,744,2035-09-30,2035-09,0,0,23,8,0,23,184,2035-10-01 00,2035-10-31 23,2035-09-30 22,2035-10-31 22,2035-11-01,Oct 35,2035-11,190,9809
2035-11,2035 4,2035,11,4,November,11,Nov,2035-11-01,2035-11-30,30,720,2035-10-31,2035-10,0,0,22,8,0,22,176,2035-11-01 00,2035-11-30 23,2035-10-31 23,2035-11-30 22,2035-12-01,Nov 35,2035-12,191,9808
2035-12,2035 4,2035,12,4,December,12,Dec,2035-12-01,2035-12-31,31,744,2035-11-30,2035-11,1,1,21,10,2,19,152,2035-12-01 00,2035-12-31 23,2035-11-30 23,2035-12-31 22,2036-01-01,Dec 35,2036-01,192,9807
2036-01,2036 1,2036,1,1,January,01,Jan,2036-01-01,2036-01-31,31,744,2035-12-31,2035-12,0,0,23,8,1,22,176,2036-01-01 00,2036-01-31 23,2035-12-31 23,2036-01-31 22,2036-02-01,Jan 36,2036-02,193,9806
2036-02,2036 1,2036,2,1,February,02,Feb,2036-02-01,2036-02-29,29,696,2036-01-31,2036-01,0,0,21,8,0,21,168,2036-02-01 00,2036-02-29 23,2036-01-31 23,2036-02-29 22,2036-03-01,Feb 36,2036-03,194,9805
2036-03,2036 1,2036,3,1,March,03,Mar,2036-03-01,2036-03-31,31,744,2036-02-29,2036-02,1,0,21,10,0,21,168,2036-03-01 00,2036-03-31 23,2036-02-29 23,2036-03-31 21,2036-04-01,Mar 36,2036-04,195,9804
2036-04,2036 2,2036,4,2,April,04,Apr,2036-04-01,2036-04-30,30,720,2036-03-31,2036-03,0,0,22,8,0,22,176,2036-04-01 00,2036-04-30 23,2036-03-31 22,2036-04-30 21,2036-05-01,Apr 36,2036-05,196,9803
2036-05,2036 2,2036,5,2,May,05,May,2036-05-01,2036-05-31,31,744,2036-04-30,2036-04,0,0,22,9,1,21,168,2036-05-01 00,2036-05-31 23,2036-04-30 22,2036-05-31 21,2036-06-01,May 36,2036-06,197,9802
2036-06,2036 2,2036,6,2,June,06,Jun,2036-06-01,2036-06-30,30,720,2036-05-31,2036-05,1,0,21,9,0,21,168,2036-06-01 00,2036-06-30 23,2036-05-31 22,2036-06-30 21,2036-07-01,Jun 36,2036-07,198,9801
2036-07,2036 3,2036,7,3,July,07,Jul,2036-07-01,2036-07-31,31,744,2036-06-30,2036-06,0,0,23,8,0,23,184,2036-07-01 00,2036-07-31 23,2036-06-30 22,2036-07-31 21,2036-08-01,Jul 36,2036-08,199,9800
2036-08,2036 3,2036,8,3,August,08,Aug,2036-08-01,2036-08-31,31,744,2036-07-31,2036-07,0,0,21,10,0,21,168,2036-08-01 00,2036-08-31 23,2036-07-31 22,2036-08-31 21,2036-09-01,Aug 36,2036-09,200,9799
2036-09,2036 3,2036,9,3,September,09,Sep,2036-09-01,2036-09-30,30,720,2036-08-31,2036-08,1,0,22,8,0,22,176,2036-09-01 00,2036-09-30 23,2036-08-31 22,2036-09-30 21,2036-10-01,Sep 36,2036-10,201,9798
2036-10,2036 4,2036,10,4,October,10,Oct,2036-10-01,2036-10-31,31,744,2036-09-30,2036-09,0,0,23,8,0,23,184,2036-10-01 00,2036-10-31 23,2036-09-30 22,2036-10-31 22,2036-11-01,Oct 36,2036-11,202,9797
2036-11,2036 4,2036,11,4,November,11,Nov,2036-11-01,2036-11-30,30,720,2036-10-31,2036-10,0,0,20,10,0,20,160,2036-11-01 00,2036-11-30 23,2036-10-31 23,2036-11-30 22,2036-12-01,Nov 36,2036-12,203,9796
2036-12,2036 4,2036,12,4,December,12,Dec,2036-12-01,2036-12-31,31,744,2036-11-30,2036-11,1,1,23,8,2,21,168,2036-12-01 00,2036-12-31 23,2036-11-30 23,2036-12-31 22,2037-01-01,Dec 36,2037-01,204,9795
